[{"code":"CUSTOM01","question":"The organization is accepting of failures in any new initiative","group":"Innovation","driver":"Risk","recommendation":"","description":"No Recommendations","hint":"Innovation"},{"code":"CUSTOM02","question":"This organization provides me opportunity to innovate to serve our customers better","group":"Innovation","driver":"Opportunity","recommendation":"","description":"No Recommendations","hint":"Innovation"},{"code":"CUSTOM03","question":"I have suggested at least one new idea in the past 6 months","group":"Innovation","driver":"Idea","recommendation":"","description":"No Recommendations","hint":"Innovation"},{"code":"CUSTOM04","question":"All the people in this organization deal with colleagues, customers, and business partners with honesty and transparency.","group":"Transparency","driver":"Transparency","recommendation":"","description":"No Recommendations","hint":""},{"code":"CUSTOM05","question":"Everyone is accountable for their own work and deliver on expectations","group":"Responsibility","driver":"Responsibility","recommendation":"","description":"No Recommendations","hint":""},{"code":"CUSTOM06","question":"Everyone here follows honest and ethical practices ","group":"Integrity","driver":"Ethical Practices","recommendation":"","description":"No Recommendations","hint":"Integrity"},{"code":"CUSTOM07","question":"I feel empowered to point out unethical behavior of my colleague, manager, leader, DSA, and customer.","group":"Integrity","driver":"Whistleblower","recommendation":"","description":"No Recommendations","hint":"Integrity"},{"code":"CUSTOM08","question":"People here understands my challenges and support me to overcome it","group":"Empathy","driver":"Empathy Colleagues","recommendation":"","description":"No Recommendations","hint":"Empathy"},{"code":"CUSTOM09","question":"I understand the mission and vision of the company","group":"Mission & Vision","driver":"Mission & Vision","recommendation":"","description":"No Recommendations","hint":""},{"code":"CUSTOM10","question":"I understand how the values of this organization impact my life at work","group":"Values","driver":"Values","recommendation":"","description":"No Recommendations","hint":""},{"code":"CUSTOM11","question":"I believe that the economic slowdown is impacting our business\t","group":"Economy","driver":"Impact on Business","recommendation":"","description":"","hint":"Economy"},{"code":"CUSTOM12","question":"I believe that the Indian economy will revive in 2021","group":"Economy","driver":"Revival","recommendation":"","description":"","hint":"Economy"},{"code":"CUSTOM13","question":"I have confidence in the management that they will do their best to restore the compensation when the economy improves\t","group":"Psychological Safety Net","driver":"Trust & Fairness","recommendation":"","description":"","hint":"Psychological Safety Net"},{"code":"CUSTOM14","question":"With the availability of COVID vaccine, offices and manufacturing will resume and consumption of Raymond products will increase.","group":"Economy","driver":"Covid-19","recommendation":"","description":"","hint":"Economy"},{"code":"CUSTOM15","question":"If the consumption of Raymond products increases, I am likely to get an increment in 2021-22\t","group":"Psychological Safety Net","driver":"Increments","recommendation":"","description":"","hint":"Psychological Safety Net"},{"code":"CUSTOM16","question":"In the situation of lock down, my family and I have been able to manage my monthly expenses and EMIs within my earnings.\t","group":"Psychological Safety Net","driver":"Sufficiency","recommendation":"","description":"","hint":"Psychological Safety Net"},{"code":"CUSTOM17","question":"I believe that I will retain my job with my present organization for the next 12 months\t","group":"Psychological Safety Net","driver":"Job Security","recommendation":"","description":"","hint":"Psychological Safety Net"},{"code":"CUSTOM18","question":"I am confident that the Raymond brand(s) will continue to be the leader(s) in my business\t","group":"Business","driver":"Brands","recommendation":"","description":"","hint":"Business"},{"code":"CUSTOM19","question":"My business will definitely survive as the economy improves\t","group":"Business","driver":"Survive","recommendation":"","description":"","hint":"Business"},{"code":"CUSTOM20","question":"My business is highly likely to thrive as people buy more in our product categories.\t","group":"Business","driver":"Thrive","recommendation":"","description":"","hint":"Business"},{"code":"CUSTOM21","question":"Would you recommend ICICI Prudential to family and friends as an organisation to work for?","group":"Net Promoter\/Advocacy Index","driver":"Net Promoter\/Advocacy Index","recommendation":"","description":"","hint":""},{"code":"CUSTOM22","question":"Does ICICI Prudential's Vision, Values and 4P strategy inspire you to go the extra mile at work?","group":"Vision, Values & Strategy","driver":"Vision, Values and Strategy","recommendation":"","description":"","hint":""},{"code":"CUSTOM23","question":"Do you feel ICICI Prudential stands by its employees in their hour of need?","group":"Supportive Environment","driver":"Support","recommendation":"","description":"","hint":""},{"code":"CUSTOM24","question":"Do you feel ICICI Prudential provides you with Technology and Infrastructure to succeed in your role?","group":"Supportive Environment","driver":"Technology and Infrastructure","recommendation":"","description":"","hint":""},{"code":"CUSTOM25","question":"Do you feel that people here are treated fairly regardless of grade, tenure, gender, etc.?","group":"Fairness and Meritocracy","driver":"Treatment","recommendation":"","description":"","hint":""},{"code":"CUSTOM26","question":"Do you feel that performance and career progression are awarded on merit at ICICI Prudential?","group":"Fairness and Meritocracy","driver":"Career Progression","recommendation":"","description":"","hint":""},{"code":"CUSTOM27","question":"Do you feel that people decisions at ICICI Prudential based on policies and rules?","group":"Fairness and Meritocracy","driver":"Decisions","recommendation":"","description":"","hint":""},{"code":"CUSTOM28","question":"Do you feel that ICICI Prudential offers challenging learning and growth opportunities?","group":"Learning and Growth","driver":"Opportunities","recommendation":"","description":"","hint":""},{"code":"CUSTOM29","question":"Do you get enough time to learn the skills required for performing well in your job?","group":"Learning and Growth","driver":"Time","recommendation":"","description":"","hint":""},{"code":"CUSTOM30","question":"Do you feel that you are given adequate independence to perform well in your daily job?","group":"Learning and Growth","driver":"Independence","recommendation":"","description":"","hint":""},{"code":"CUSTOM31","question":"How would you rate your current experience at ICICI Prudential Life?","group":"Mood Index","driver":"Mood Index","recommendation":"","description":"","hint":""},{"code":"CUSTOM32","question":"Do you feel ICICI Prudential has taken adequate measures to ensure the safety and wellbeing of its employees during COVID-19?","group":"COVID-19","driver":"Safety and Wellbeing","recommendation":"","description":"","hint":""},{"code":"CUSTOM33","question":"Do you feel ICICI Prudential has kept employees informed and connected through various learning initiatives and engagement activities during COVID-19?","group":"COVID-19","driver":"Informed and Connected","recommendation":"","description":"","hint":""},{"code":"CUSTOM34","question":"Internal talent given preference over external in filling vacancies?","group":"Career","driver":"Career","recommendation":"","description":"Career","hint":"Career"},{"code":"ENGAGE01","question":"I would highly recommend this organization to a friend seeking employment","group":"Promoter","driver":"Promoter","recommendation":"","description":"No Recommendations","hint":"Brand Ambassador"},{"code":"ENGAGE02","question":"It would take a lot to get me to leave this organization in the next 3 to 5 years","group":"Persistent","driver":"Persistent","recommendation":"","description":"No Recommendations","hint":"Medium Term Loyalty"},{"code":"ENGAGE03","question":"This organization motivates me to contribute more than is normally required to complete my work","group":"Perseverance","driver":"Perseverance","recommendation":"","description":"No Recommendations","hint":"Discretionary Effort"},{"code":"ENGAGE04","question":"This organization inspires me to be passionate about working here","group":"Passionate","driver":"Passionate","recommendation":"","description":"No Recommendations","hint":"Inspiration"},{"code":"ENGAGE05","question":"The enviornment of the organization makes me feel happy to go back to work after a long weekend","group":"Peaceful","driver":"Peaceful","recommendation":"","description":"No Recommendations","hint":"Stress Free Environment"},{"code":"ENGAGE06","question":"It would take a lot for me to leave this organization in the next 3 to 5 years","group":"Persistent","driver":"Persistent","recommendation":"","description":"No Recommendations","hint":"Medium Term Loyalty"},{"code":"HR01","question":"The way we manage performance here enables me to contribute as much as possible to our organization's success","group":"Performance","driver":"Performance Management","recommendation":"","description":"<ol><li>Is your performance management process fair and equitable? Review your PMS and let the participants be part of redesign team<\/li><li>Does the process ensure that the goals are known to everyone before the start of the performance period?<\/li><li>PMS process should make the dialogue around the goals mandatory before the start of performance period<\/li><li>Performance Management should provide for mandatory feedback at predefined period<\/li><li>It should encourage continuous informal feedback<\/li><li>Set individual and team goals aligned with organisations strategic goals<\/li><li>Develop the knowledge, skills, and abilities of people, while continuously reviewing and assessing progress<\/li><\/ol>","hint":"Performance"},{"code":"HR02","question":"I truly enjoy my day-to-day work tasks","group":"Performance","driver":"Work Tasks","recommendation":"","description":"<ol><li>Is the recruitment process selecting the right person for the right role?<\/li><li>Are people doing work that they are good at?<\/li><li>Do the work tasks align with their personal goals?<\/li><li>Share organization's purpose with your team members and let them take ownership of it to ensure meaningful purpose behind their work<\/li><\/ol>","hint":"Performance"},{"code":"HR03","question":"This organization strongly supports the learning and development of its employees","group":"Development","driver":"Learning and Development","recommendation":"","description":"<ol><li>Create a culture of learning by providing employees with resources and autonomy to grow in their own way<\/li><li>Create processes for identifying skill gaps for current role and possible future roles<\/li><li>Help bridge the gap with classroom \/ online training programs<\/li><li>Process to enable application of learning at work and monitor progress<\/li><\/ol>","hint":"Development"},{"code":"HR04","question":"This organization offers excellent career opportunities to employees who are strong performers","group":"Development","driver":"Career Opportunities","recommendation":"","description":"<ol><li>Create challenging but worthwhile tangible vertical career paths for top performing employees<\/li><\/ol>","hint":"Development"},{"code":"HR05","question":"My performance has a significant impact on my pay","group":"Total Compensation","driver":"Pay-Performance Linkage","recommendation":"","description":"<ol><li>Build strong, strong transparent, and fair linkages between performance and increments and bonuses<\/li><li>Communicate the process transparently<\/li><li>If the official communication is not transparent, informal channels will take over<\/li><li>World over people do share their increment and bonuses with each other. Nothing is confidential<\/li><\/ol>","hint":"Total Compensation"},{"code":"HR06","question":"Overall, this organization's benefit plan meets my (and my family's) needs well","group":"Total Compensation","driver":"Benefits","recommendation":"","description":"<ol><li>Do the benefits address the needs of people and their families?<\/li><li>Please have group discussions to understand the needs and gaps in benefits<\/li><li>Involve beneficiaries in re-design of benefits and computing the associated costs<\/li><li>Focus on healthcare, medical insurance for self and family, significant life insurance (7XCTC), as starters<\/li><li>Think of perks that are tax exempt. Research shows that the perceived value of a nice car in the parking is significantly higher than equivalent instalment amount paid into bank account every month<\/li><li>Think Total Compensation<\/li><\/ol>","hint":"Total Compensation"},{"code":"HR07","question":"Our People\/HR practices create a positive work environment for me","group":"Processes","driver":"People\/HR practices","recommendation":"","description":"<ol><li>When were your people practices and policies last reviewed? If these were reviewed more than a year ago, time to review it again.<\/li><li>Are your policies\/practices aligned to your defined values? Ensure alignment.<\/li><li>Do they enable people to lead a comfortable life at work and ensure well-being of their families?  Understand the well-being needs to the family that organization can support.<\/li><li>Do they deliver on your employer promise? Ensure alignment.<\/li><li>Are the beneficiaries of people policy and practices part of making policies? Please create a cross functional team to review the polices and practices and recommend changes. As a part of the exercise let them present the additional cost of recommendations.<\/li><\/ol>","hint":"Processes"},{"code":"HR08","question":"This organization is considered one of the best places to work for someone with my skills and experience","group":"Belonging","driver":"Brand","recommendation":"","description":"<ol><li>Is your employer brand seen as a respected brand in your target employee community? Focus on communication.<\/li><li>Does the work people get to do is aligned with employee promise? Align your employment product with the brand promise.<\/li><\/ol>","hint":"Belonging"},{"code":"HR09","question":"This organization delivers on the promises it makes to its employees","group":"Belonging","driver":"Delivery on Promise","recommendation":"","description":"<ol><li>Clearly define employee promise. Systematically cultivate and coordinate promises by taking inputs of employees, aligning it with it customer promise, and shareholder promise to obtain a common and realistic understanding of what it will take to satisfy the employees.<\/li><li>Communicate it during recruitment, performance management, roll out of compensation, learning development and other employee touch points.<\/li><li>Align the delivery of employee services and experience to the promise.<\/li><li>Take feedback from employees after delivery of promise to continuous improve into the quality of other promises they make.<\/li><\/ol>\r\n","hint":"Belonging"},{"code":"HR10","question":"I can count on HR to listen to my problems and make enough efforts to address them ","group":"Empathy","driver":"Empathy HR","recommendation":"","description":"<ol><li>Create FORA for listening to employee problems<\/li><li>Create a process for information dissemination and problem resolution<\/li><li>Institutionalize trackers for problem resolution<\/li><\/ol>","hint":"Empathy"},{"code":"HR11","question":"I feel safe while working with this organization","group":"Belonging","driver":"Safety","recommendation":"","description":"","hint":"Belonging"},{"code":"HR12","question":"The appraisal here are fair, transparent, and timely","group":"Performance","driver":"PMS","recommendation":"","description":"<ol><li>To improve the perception of fairness, train managers in giving feedback<\/li><li>The companies philosophy on relative grading and relative compensation dispensation may be shared publically<\/li><li>Create a process for scheduling, goal-setting, feedback, and appraisal discussions and tracking the completion<\/li><\/ol>","hint":"Performance"},{"code":"LEADER01","question":"Senior Leadership inspires confidence that our business will succeed","group":"Business Confidence","driver":"Business Confidence","recommendation":"","description":"<ol> <li>Please define your strategy precisely and consistently exceed business outcomes superior to competition.<\/li> <li>Demonstrate business success and excellence in majority of the performance periods.<\/li> <\/ol>","hint":""},{"code":"LEADER02","question":"I have a clear understanding of the future direction of the company","group":"Direction","driver":"Direction","recommendation":"","description":"<ol><li>Articulate the direction of the business clearly.  Align all actions and processes to the defined business direction. Communicate the direction effectively at all touch points and emphasise the importance of the direction.<\/li><ol>","hint":""},{"code":"LEADER03","question":"Senior leadership communicates effectively and honestly with the employees","group":"Communication","driver":"Communication","recommendation":"","description":"<ol><li>Create a calendar of mass communication, team communication, skip one-on-one communication.<\/li> <li>Ensure two-way communications in all mass communication, e.g. townhalls. <\/li> <li>Cascade the communication on important issues through leaders and managers in your team.<\/li> <li>Have regular 1 on 1s whilst encouraging feedback and acknowledging your employees' input with the direct teams, skip level teams, and frontline teams.<\/li><ol>","hint":""},{"code":"LEADER04","question":"The purpose of the organization inspires to go beyond what is expected of me at work.","group":"Purpose","driver":"Purpose","recommendation":"","description":"<ol><li>Define purpose or vision or mission as driven and socially responsible to impact employees' sense of meaningfulness at work<\/li> <li>Communicate it effectively<\/li> <li>Cascade and live the purpose<\/li><\/ol>","hint":""},{"code":"LEADER05","question":"The organization has a culture of treating employees as the most valued asset","group":"People Focus","driver":"People Focus","recommendation":"","description":"<ol><li>1. Create a culture of supporting people performance, development, empowerment, excellence, belonging, and well-being<\/li> <li>Cascade and leverage manager-employee relationship and energize jobs to reduce disengagement<\/li> <li>Do you review people agenda in every business review meeting? Please make it a regular review item. It should be placed at number 2 before financial outcomes and business numbers.<\/li> <li>Do you at least spend one day in two weeks (10%) of your time on people issues? Dedicate 10% of your time to people issues.<\/li> <\/li><\/ol>","hint":""},{"code":"LEADER06","question":"The organization supports me to exceed expectations of my internal \/ external customers","group":"Customer Centricity","driver":"Customer Centricity","recommendation":"","description":"<ol><li>1. Do you have processes for your leaders to listen to your customers and customer facing employees regularly? Please create opportunities for listening to them at predefined time intervals.<\/li> <li>Take actions and track implementation on issues arising from listening.<\/li> <li>Communicate actions taken and reasons for acting on some of the issues.<\/li> <li>Do you review customer issues in every business review meeting? Please make it a regular review item. It should be placed at number 1 before people issues, financial outcomes, and business numbers.<\/li> <li>Do you at least spend one day in two weeks (10%) of your time on people issues? Dedicate 10% of your time to people issues. <\/li> <\/li><\/ol>","hint":""},{"code":"LEADER07","question":"The vision of the organization inspires to go beyond what is expected of me at work.","group":"Vision","driver":"Vision","recommendation":"","description":"<ol><li>Define purpose or vision or mission as driven and socially responsible to impact employees' sense of meaningfulness at work<\/li> <li>Communicate it effectively<\/li> <li>Cascade and live the purpose<\/li><\/ol>","hint":""},{"code":"LEADER08","question":"The purpose\/vision of the organization inspires to go beyond what is expected of me at work.","group":"Vision","driver":"Vision","recommendation":"","description":"<ol><li>Define purpose or vision or mission as driven and socially responsible to impact employees' sense of meaningfulness at work<\/li> <li>Communicate it effectively<\/li> <li>Cascade and live the purpose<\/li><\/ol>","hint":""},{"code":"LEADER09","question":"Leadership makes effort to minimize the impact of past business decisions on people.","group":"Psychological Safety Net","driver":"Accountability","recommendation":"","description":"","hint":"Psychological Safety Net"},{"code":"LEADER10","question":"My Leaders are effectively listening to me","group":"Psychological Safety Net","driver":"Listening","recommendation":"","description":"","hint":""},{"code":"MANAGER01","question":"I understand my goals and objectives clearly","group":"Performance","driver":"Goal Setting","recommendation":"","description":"<ol><li> Determine what your expectations are before clearly communicating the said expectations and its importance with your employees. <\/li> <li> Please make sure that the expectations are defined in the form of SMART goals.<\/li> <li> Help the team to understand, buy-in, and take emotional ownership of the expectations.<\/li> <li> Every person should at least spend 80% of his \/ her time on the defined expectations.<\/li><\/ol>","hint":"Performance"},{"code":"MANAGER02","question":"I understand how my work goals relate to the organization's goals","group":"Performance","driver":"Allignment of goals","recommendation":"","description":"<ol><li> Understand organisational goals and follow established standards. <\/li> <li> Help team members appreciate how their goals help the business achieve its goals.<\/li> <li> Assign accountability measures and support employees in achieving goals<\/li><\/ol>","hint":"Performance"},{"code":"MANAGER03","question":"In the last three months I received feedback that helped me to improve my performance","group":"Performance","driver":"Feedback","recommendation":"","description":"<ol><li> There should be two types of feedback -positive and constructive. Both are equally important. Negative feedback should be avoided.<\/li> <li> Please define frequency, structure, environment, and time of feedback for structured feedback.<\/li> <li> Please provide evidence-based feedback and not perception based.<\/li> <li> Please provide informal feedback - positive or constructive - after every event.<\/li><\/ol>","hint":"Performance"},{"code":"MANAGER04","question":"I have the resources and information required to deliver on my goals","group":"Performance","driver":"Resources","recommendation":"","description":"<ol><li> Improve communication to identify the resources required to support people's ability to do their work right<\/li> <li> Manage stakeholders to ensure that the resources are made available to the team.<\/li><\/ol>","hint":"Performance"},{"code":"MANAGER05","question":"I receive appropriate recognition (beyond my pay and benefits) every time I do a good work","group":"Recognition","driver":"Appreciation and Recognition","recommendation":"","description":"<ol><li> Create a culture of recognition by constantly re-evaluating ways to appreciate and reward.<\/li> <li> Instant appreciation is a must when any one has done some good work.<\/li> <li> Every individual like to be recognized differently. Understand the recognition needs of the team members.<\/li><\/ol>","hint":"Recognition"},{"code":"MANAGER06","question":"At work my opinion counts","group":"Belonging","driver":"Diversity of Thought","recommendation":"","description":"<ol><li> Please listen to all the team members. No idea is bad.<\/li> <li> Endorse good opinions and ideas and work through the ones that could use improvement or provide reasons why it will not work.<\/li><\/ol>","hint":"Belonging"},{"code":"MANAGER07","question":"My manager cares about me as a person","group":"Belonging","driver":"Care","recommendation":"","description":"<ol><li> Use one-on-one meetings for development and understanding employees future career goals, encourage proactive problem solving.<\/li> <li> Please understand the personal aspirations, problems, challenges, opportunities, and constraints. Help the individual in managing both personal and professional issues.<\/li> <li> Help him\/her be at ease and feel like being part of a family.<\/li><\/ol>","hint":"Belonging"},{"code":"MANAGER08","question":"In the last one year I had the opportunity to learn and grow","group":"Development","driver":"Learn and Grow","recommendation":"","description":"<ol><li> Encourage employees to pursue their goals, personal or professional.<\/li> <li> Give them autonomy to create new job responsibilities for themselves if they find something else, they would like to do and helps team performance.<\/li> <li> Create new growth avenues in your team and options for innovation<\/li><\/ol>","hint":"Development"},{"code":"MANAGER09","question":"My manager provides me with valuable guidance and counseling about my career","group":"Development","driver":"Coaching","recommendation":"","description":"<ol><li> Create a culture of team feedback by regularly giving employees feedback, encouraging employees to learn from one another and listening to employees' ideas and opinions<\/li> <li> Coach employees by asking the right questions and helping them find the answers to problem solve and pursue their aspirations.<\/li><\/ol>","hint":"Development"},{"code":"MANAGER10","question":"I enjoy the positive energy and an environment free from politics in my team.","group":"Team work","driver":"Positive Team","recommendation":"","description":"<ol><li> Use positive communication, enhance positive action with acknowledgement, promote team members to share ideas and build rapport.<\/li> <li> Encourage performance and collaboration.<\/li> <li> Demonstrate the multiplier effect of team work on individual and team performance.<\/li> <li> Discourage politics and mediocrity.<\/li><\/ol>","hint":"Team work"},{"code":"MANAGER11","question":"My suggestions are implemented if they are financially viable","group":"Belonging","driver":"Diversity of Thought","recommendation":"","description":"<ol><li> Please listen to all the team members. No idea is bad.<\/li> <li> Endorse good opinions and ideas and work through the ones that could use improvement or provide reasons why it will not work.<\/li><\/ol>","hint":"Belonging"},{"code":"MANAGER12","question":"I receive regular feedback that helps me to improve my performance","group":"Performance","driver":"Feedback","recommendation":"","description":"<ol><li> There should be two types of feedback -positive and constructive. Both are equally important. Negative feedback should be avoided.<\/li> <li> Please define frequency, structure, environment, and time of feedback for structured feedback.<\/li> <li> Please provide evidence-based feedback and not perception based.<\/li> <li> Please provide informal feedback - positive or constructive - after every event.<\/li><\/ol>","hint":"Performance"},{"code":"MANAGER13","question":"I get opportunity to learn and grow","group":"Development","driver":"Learn & Grow","recommendation":"","description":"<ol><li> Encourage employees to pursue their goals, personal or professional.<\/li> <li> Give them autonomy to create new job responsibilities for themselves if they find something else, they would like to do and helps team performance.<\/li> <li> Create new growth avenues in your team and options for innovation<\/li><\/ol>","hint":"Development"},{"code":"MANAGER14","question":"My Manager communicates business strategy and direction","group":"Communication","driver":"Communication","recommendation":"","description":"","hint":"Communication"},{"code":"MANAGER15","question":"My Manager plays a role in creating and maintaining a positive work environment","group":"Conducive work environment","driver":"Conducive work environment","recommendation":"","description":"","hint":"Conducive work environment"},{"code":"MANAGER16","question":"My Manager takes accountability for team motivation and work environment","group":"Accountability","driver":"Accountability","recommendation":"","description":"","hint":"Accountability"},{"code":"OPENSEN01","question":"What do you like most about working at this organisation? (Please choose any of the categories below and share your comments in the comment box)","group":"Open Ended","driver":"Like the most","recommendation":"","description":"No Recommendations","hint":""},{"code":"OPENSEN02","question":"What do you think must change in this organization to make it a better place to work? (Please choose any of the categories below and share your comments in the comment box)","group":"Open Ended","driver":"Dislike the most","recommendation":"","description":"No Recommendations","hint":""},{"code":"OPENSEN03","question":"What do you like most about working at this organisation? (Please choose any of the categories below and share your comments in the comment box)","group":"Open Ended","driver":"Like the most","recommendation":"","description":"No Recommendations","hint":""},{"code":"OPENSEN04","question":"What do you think must change in this organization to make it a better place to work? (Please choose any of the categories below and share your comments in the comment box)","group":"Open Ended","driver":"Dislike the most","recommendation":"","description":"No Recommendations","hint":""},{"code":"OPENWFH01","question":"While working from home what is the biggest challenge that you face? (Please choose any of the categories below and share your comments in the comment box)","group":"WFH Open Ended","driver":"Work From Home Challenges","recommendation":"","description":"No Recommendations","hint":""},{"code":"WB01","question":"In last one week I exercised and \/ or meditated for 30 minutes for at least 5 days","group":"Physical & Mental","driver":"Health","recommendation":"","description":"<ol><li>Implement an employee wellness program, Offer discounted or free memberships to local fitness facilities, classes, or any physical activity in the area. Create physical activity and sports clubs led by the enthusiast in the organization<\/li>\r\n<li>Implement mandatory Yoga and meditation classes at Work or online classes while WFH<\/li>\r\n<\/ol>","hint":"Physical & Mental"},{"code":"WB02","question":"I ate healthy food and slept well for at least 5 days in the last week.","group":"Physical & Mental","driver":"Diet & Rest","recommendation":"","description":"<ol><li>Provide and encourage healthier food options at work by subsidizing them internally or through local shop \/ cafe<\/li>\r\n<li>Provide dietician services<\/li>\r\n<li>Encourage people take proper rest \/ sleep<\/li>\r\n<\/ol>","hint":"Physical & Mental"},{"code":"WB03","question":"I do not feel extremely anxious or very sad when I am stressed.","group":"Physical & Mental","driver":"Anxiety and Depression","recommendation":"","description":"<ol><li>Create a safe work environment to encourage conversations about mental health and well-being<\/li><li>Reduce negative stress due to political environment or abrasive managers<\/li><li>Zero tolerance for foul language<\/li><li>Zero tolerance for sexual harassment<\/li><li>Create psychological safety net by reassuring safety of jobs, compensation, and benefits<\/li><li>Help manage work-life balance<\/li>\r\n<\/ol>","hint":"Physical & Mental"},{"code":"WB04","question":"Fear of missing deadlines for multiple bill payments (e.g. credit cards, EMIs, Insurance poliy, utility bills, mobile, internet bilss, etc.) does not bother me constantly.","group":"Financial","driver":"Transaction Management","recommendation":"","description":"<ol><li>Create auto pay for regular payments to declutter mind from payment deadlines. (E.g. credit card bills, utility bills, etc.)<\/li><li>Minimize the number of payments by reducing redundant bills (unused credit card bills)<\/li>\r\n<\/ol>","hint":"Financial"},{"code":"WB05","question":"Someone or I manage my savings and investments for optimum returns","group":"Financial","driver":"Financial Planning","recommendation":"","description":"<ol><li>Seek \/ provide professional unbiased investment advice for all the people in the organization<\/li><li>At the end of work life on an average 50% of net worth is from salary and 50% from investments<\/li><li>Manage the fear of old age corporate poverty<\/li><li>Enhance psychological safety net<\/li><\/ol>","hint":"Financial"},{"code":"WB06","question":"I have a best friend at work or outside work, with whom I can share all my worries","group":"Family & Social","driver":"Best Friend","recommendation":"","description":"<ol><li>Individuals should ensure that they have a best friend at work or otherwise to share their trials and tribulations<\/li><li>A person who one meets in person is a better option than a person who one meets virtually<\/li><\/ol>","hint":"Family & Social"},{"code":"WB07","question":"In last one week I spent at least 60 minutes every day with my family and friends","group":"Family & Social","driver":"Family time","recommendation":"","description":"<ol><li>Individuals should spend some time every day with family and friends and significant time over the weekends to create a sense of work life balance<\/li><li>Managers and business units should ensure some free time every day and ideally all the time over the weekend<\/li><\/ol>","hint":"Family & Social"},{"code":"WB08","question":"In the last one year I took at least one vacation with family or friends","group":"Family & Social","driver":"Rejuvenation","recommendation":"","description":"<ol><li>People should be encouraged to take a vacation of at least 2 weeks every year with family and friends to rejuvenate<\/li><li>Managers should be held responsible to ensure people take a vacation<\/li><li>Process should be designed to ensure compliance and calendaring of vacations in the beginning of the year to avoid disruption in work<\/li><\/ol>","hint":"Family & Social"},{"code":"WFH01","question":"I am happy with the internet bandwidth and technology tools, that I have to work from home","group":"Resources","driver":"Technology Tools and Internet Bandwidth","recommendation":"","description":"<ol><li>Provide support for internet and other necessary tools.<\/li> <li>Work with IT team and HR team to ensure people have necessary tools and bandwidth.<\/li> <li>Develop a business case for investment. (E.g. bandwidth cost at home vs. air conditioning cost at work)<\/li><\/ol>","hint":"Resources"},{"code":"WFH02","question":"My work space at home makes me as efficient as my office work space","group":"Workspace","driver":"Workspace at Home","recommendation":"","description":"<ol><li>Coach teams to create a temporary secluded workplace at home with a proper workstation and ergonomic chair. (Possibly with folding workstations and folding partitions for seclusion).<\/li> <li>Help people appreciate the cost benefit of investment in workplace at home vs. cost of commuting<\/li> <li>Wherever needed, create a financing or subsidy mechanism for workplace at home. 10% higher productivity will be offset the cost many times over.<\/li><\/ol>","hint":"Workspace"},{"code":"WFH03","question":"The MIS and work processes enabale me to work effectively from home","group":"Processes","driver":"Online Work Processes","recommendation":"","description":"<ol><li>Set meaningful goals by clearly mentioning deliverables and specific metrics that will enable managers to track outcomes and measure results effectively <\/li> <li>Create a virtual office for employees to keep the workflows moving by investing in the best video conferencing and collaboration tools<\/li><\/ol>","hint":"Online Work Processes"},{"code":"WFH04","question":"I am motivated and focussed on work while working from home","group":"Discussion","driver":"Motivation & Focus","recommendation":"","description":"<ol><li>Maintain morale and elevate employee moods by creating virtual team activities.<\/li> <li>Encouraging them to learn new things and share them with their colleagues<\/li> <li>Help teams go through training programs around managing works with kids at home.<\/li><\/ol>","hint":"Motivation & Focus"},{"code":"WFH05","question":"Remote team discussions from home are effective and engaging","group":"Meetings","driver":"Remote Team Discussion","recommendation":"","description":"<ol><li>Create a forum for employees to share personal as well as professional updates. <\/li> <li>Try to assign collaborative tasks weekly, encouraging team members to work together and stay connected.<\/li><\/ol>","hint":"Meetings"},{"code":"WFH06","question":"Remote client and vendor meetings from home are effective and efficient","group":"Team Processes","driver":"Remote Client\/Vendor meetings","recommendation":"","description":"<ol><li>Build a trusting relationship with clients by communicating frequently.<\/li> <li>Use the best virtual meeting tools<\/li><\/ol>","hint":"Team Processes"},{"code":"WFO01","question":"","group":"","driver":"","recommendation":"","description":"No Recommendations","hint":""},{"code":"WFO02","question":"","group":"","driver":"","recommendation":"","description":"No Recommendations","hint":""},{"code":"WFO03","question":"","group":"","driver":"","recommendation":"","description":"No Recommendations","hint":""},{"code":"WFO04","question":"","group":"","driver":"","recommendation":"","description":"No Recommendations","hint":""},{"code":"WFO05","question":"","group":"","driver":"","recommendation":"","description":"No Recommendations","hint":""}]